"DESCRIPTION","DURATION IN MS","NAME","PARENT SUITE","START TIME","STATUS","STOP TIME","SUB SUITE","SUITE","TEST CLASS","TEST METHOD"
"Тестирование работоспособности сортировки списка клиентов банка по First Name","15861","T-005","","Tue Nov 11 09:31:35 UTC 2025","passed","Tue Nov 11 09:31:51 UTC 2025","","xyzbank.ManagerUserTest","xyzbank.ManagerUserTest","sortTablePTest"
"Тестирование получения сущности по айди","2267","T-009","","Tue Nov 11 09:31:58 UTC 2025","broken","Tue Nov 11 09:32:00 UTC 2025","","tests.api.CreationTests","tests.api.CreationTests","idGetEntityPTest"
"Тестирование создания сущности","2268","T-007","","Tue Nov 11 09:31:58 UTC 2025","broken","Tue Nov 11 09:32:00 UTC 2025","","tests.api.CreationTests","tests.api.CreationTests","createEntityPTest"
"Тестирование блокирования функционала и подсветки нативной валидаци поля Nameи при его пропуске и полном заполнении других полей.","15312","T-003","","Tue Nov 11 09:31:35 UTC 2025","passed","Tue Nov 11 09:31:50 UTC 2025","","anui.FormFieldsTest","anui.FormFieldsTest","fillNameNTest"
"Тестирование работоспособности базовой функциональности создания нового клиента банка","16903","T-004","","Tue Nov 11 09:31:35 UTC 2025","passed","Tue Nov 11 09:31:52 UTC 2025","","xyzbank.ManagerUserTest","xyzbank.ManagerUserTest","createCustomerUserPTest"
"Тестирование работоспособности удаления клиента банка","20051","T-006","","Tue Nov 11 09:31:32 UTC 2025","passed","Tue Nov 11 09:31:52 UTC 2025","","xyzbank.ManagerUserTest","xyzbank.ManagerUserTest","deleteCustomerPTest"
"Тестирование удаления сущности","1470","T-008","","Tue Nov 11 09:31:58 UTC 2025","broken","Tue Nov 11 09:32:00 UTC 2025","","tests.api.CreationTests","tests.api.CreationTests","deleteEntityPTest"
"Тестирование работоспособности функциональности формы Form Fields при заполнении исключительно обязательного поля Name.","13827","T-002","","Tue Nov 11 09:31:35 UTC 2025","passed","Tue Nov 11 09:31:49 UTC 2025","","anui.FormFieldsTest","anui.FormFieldsTest","fillNamePTest"
"Тестирование работоспособности базовой функциональности формы Form Fields.","18454","T-001","","Tue Nov 11 09:31:32 UTC 2025","passed","Tue Nov 11 09:31:50 UTC 2025","","anui.FormFieldsTest","anui.FormFieldsTest","fillFormPTest"
